{"cameraMode":{"drawMode":0,"name":"Shaded","section":"Shading Mode"},"sceneLighting":true,"audioPlay":false,"sceneViewState":{"showFog":true,"showMaterialUpdate":false,"showSkybox":true,"showFlares":true,"showImageEffects":true,"showParticleSystems":true},"in2DMode":false,"pivot":{"x":-0.6111187934875488,"y":0.6292164325714111,"z":0.2694370746612549},"rotation":{"x":-0.07611057907342911,"y":0.8894025683403015,"z":-0.1607505828142166,"w":-0.4211052358150482},"size":17.671953201293947,"orthographic":false}