{"cameraMode":{"drawMode":0,"name":"Shaded","section":"Shading Mode"},"sceneLighting":true,"audioPlay":false,"sceneViewState":{"showFog":true,"showMaterialUpdate":false,"showSkybox":true,"showFlares":true,"showImageEffects":true,"showParticleSystems":true},"in2DMode":false,"pivot":{"x":-1.38603675365448,"y":-74.18366241455078,"z":42.60942840576172},"rotation":{"x":-0.49723246693611147,"y":0.015874098986387254,"z":-0.009098178707063198,"w":-0.8674244284629822},"size":133.01893615722657,"orthographic":false}