{"cameraMode":{"drawMode":0,"name":"Shaded","section":"Shading Mode"},"sceneLighting":true,"audioPlay":false,"sceneViewState":{"showFog":true,"showMaterialUpdate":false,"showSkybox":true,"showFlares":true,"showImageEffects":true,"showParticleSystems":true},"in2DMode":false,"pivot":{"x":-7.296786308288574,"y":-49.71285629272461,"z":-45.89649200439453},"rotation":{"x":-0.23062527179718018,"y":0.7641778588294983,"z":-0.37197229266166689,"w":-0.473794162273407},"size":68.73360443115235,"orthographic":false}